<?xml version="1.0" encoding="UTF-8" standalone="yes"?>
<addon id="plugin.video.pacsec" name="PacSec" version="17.0.1" provider-name="PCSC">
  <requires>
    <import addon="xbmc.python" version="2.1.0"/>
	<import addon="repository.xbmc-israel" />
  </requires>
  <extension point="xbmc.python.pluginsource" library="default.py">
        <provides>video</provides>
  </extension>
  <extension point="xbmc.addon.metadata">
    <summary lang="en">PacSec</summary>
    <description lang="en">PacSec</description>
    <platform>all</platform>
  </extension>
</addon>
